Price,Close,High,Low,Open,Volume,Moving Average,Previous High,Previous Low,Above High,Below Low
Ticker,TSLA,TSLA,TSLA,TSLA,TSLA,,,,,
Date,,,,,,,,,,
2023-01-03,108.0999984741211,118.80000305175781,104.63999938964844,118.47000122070312,231402800,108.0999984741211,,,False,False
2023-01-04,113.63999938964844,114.58999633789062,107.5199966430664,109.11000061035156,180389000,110.86999893188477,118.80000305175781,104.63999938964844,False,False
2023-01-05,110.33999633789062,111.75,107.16000366210938,110.51000213623047,157986300,110.69333140055339,114.58999633789062,107.5199966430664,False,False
2023-01-06,113.05999755859375,114.38999938964844,101.80999755859375,103.0,220911100,111.28499794006348,111.75,107.16000366210938,True,False
2023-01-09,119.7699966430664,123.5199966430664,117.11000061035156,118.95999908447266,190284000,112.98199768066407,114.38999938964844,101.80999755859375,True,False
2023-01-10,118.8499984741211,122.76000213623047,114.91999816894531,121.06999969482422,167642500,113.9599978129069,123.5199966430664,117.11000061035156,False,False
2023-01-11,123.22000122070312,125.94999694824219,120.51000213623047,122.08999633789062,183810800,115.28285544259208,122.76000213623047,114.91999816894531,True,False
2023-01-12,123.55999755859375,124.12999725341797,117.0,122.55999755859375,169400900,116.31749820709229,125.94999694824219,120.51000213623047,False,False
2023-01-13,122.4000015258789,122.62999725341797,115.5999984741211,116.55000305175781,180714100,116.99333190917969,124.12999725341797,117.0,False,False
2023-01-17,131.49000549316406,131.6999969482422,125.0199966430664,125.69999694824219,186477000,118.44299926757813,122.62999725341797,115.5999984741211,True,False
2023-01-18,128.77999877929688,136.67999267578125,127.01000213623047,136.55999755859375,195680300,119.38272649591619,131.6999969482422,125.0199966430664,False,False
2023-01-19,127.16999816894531,129.99000549316406,124.30999755859375,127.26000213623047,170291900,120.03166580200195,136.67999267578125,127.01000213623047,False,False
2023-01-20,133.4199981689453,133.50999450683594,127.3499984741211,128.67999267578125,138858100,121.06153752253606,129.99000549316406,124.30999755859375,True,False
2023-01-23,143.75,145.3800048828125,134.27000427246094,135.8699951171875,203119200,122.68214198521206,133.50999450683594,127.3499984741211,True,False
2023-01-24,143.88999938964844,146.5,141.10000610351562,143.0,158699100,124.09599914550782,145.3800048828125,134.27000427246094,False,False
2023-01-25,144.42999267578125,146.41000366210938,138.07000732421875,141.91000366210938,192734300,125.3668737411499,146.5,141.10000610351562,False,False
2023-01-26,160.27000427246094,161.4199981689453,154.75999450683594,159.97000122070312,234815100,127.41999906652114,146.41000366210938,138.07000732421875,True,False
2023-01-27,177.89999389648438,180.67999267578125,161.1699981689453,162.42999267578125,306590600,130.22444322374133,161.4199981689453,154.75999450683594,True,False
2023-01-30,166.66000366210938,179.77000427246094,166.5,178.0500030517578,230878800,132.1421042994449,180.67999267578125,161.1699981689453,False,False
2023-01-31,173.22000122070312,174.3000030517578,162.77999877929688,164.57000732421875,196813500,134.1959991455078,179.77000427246094,166.5,False,False
2023-02-01,181.41000366210938,183.80999755859375,169.92999267578125,173.88999938964844,213806300,137.86149940490722,174.3000030517578,162.77999877929688,True,False
2023-02-02,188.27000427246094,196.75,182.61000061035156,187.3300018310547,217448300,141.59299964904784,183.80999755859375,169.92999267578125,True,False
2023-02-03,189.97999572753906,199.0,183.69000244140625,183.9499969482422,232662000,145.57499961853028,196.75,182.61000061035156,False,False
2023-02-06,194.75999450683594,198.1699981689453,189.9199981689453,193.00999450683594,186188100,149.65999946594238,199.0,183.69000244140625,False,False
2023-02-07,196.80999755859375,197.5,189.5500030517578,196.42999267578125,186010300,153.51199951171876,198.1699981689453,189.9199981689453,False,False
2023-02-08,201.2899932861328,203.0,194.30999755859375,196.10000610351562,180673600,157.63399925231934,197.5,189.5500030517578,True,False
2023-02-09,207.32000732421875,214.0,204.77000427246094,207.77999877929688,215431400,161.83899955749513,203.0,194.30999755859375,True,False
2023-02-10,196.88999938964844,206.1999969482422,192.88999938964844,202.22999572753906,204754100,165.50549964904786,214.0,204.77000427246094,False,True
2023-02-13,194.63999938964844,196.3000030517578,187.61000061035156,194.4199981689453,172475500,169.11749954223632,206.1999969482422,192.88999938964844,False,False
2023-02-14,209.25,209.82000732421875,189.44000244140625,191.94000244140625,216455700,173.00549926757813,196.3000030517578,187.61000061035156,True,False
2023-02-15,214.24000549316406,214.66000366210938,206.11000061035156,211.75999450683594,181006400,177.27849960327148,209.82000732421875,189.44000244140625,True,False
2023-02-16,202.0399932861328,217.64999389648438,201.83999633789062,210.77999877929688,229586500,181.02199935913086,214.66000366210938,206.11000061035156,False,True
2023-02-17,208.30999755859375,208.44000244140625,197.5,199.99000549316406,213738500,184.7664993286133,217.64999389648438,201.83999633789062,False,False
2023-02-21,197.3699951171875,209.7100067138672,197.22000122070312,204.99000549316406,180018600,187.44749908447267,208.44000244140625,197.5,False,True
2023-02-22,200.86000061035156,201.99000549316406,191.77999877929688,197.92999267578125,191828500,190.2959991455078,209.7100067138672,197.22000122070312,False,False
2023-02-23,202.07000732421875,205.13999938964844,196.3300018310547,203.91000366210938,146360000,193.1779998779297,201.99000549316406,191.77999877929688,True,False
2023-02-24,196.8800048828125,197.6699981689453,192.8000030517578,196.3300018310547,142228100,195.00849990844728,205.13999938964844,196.3300018310547,False,False
2023-02-27,207.6300048828125,209.4199981689453,201.25999450683594,202.02999877929688,161028300,196.49500045776367,197.6699981689453,192.8000030517578,True,False
2023-02-28,205.7100067138672,211.22999572753906,203.75,210.58999633789062,153144900,198.44750061035157,209.4199981689453,201.25999450683594,False,False
2023-03-01,202.77000427246094,207.1999969482422,198.52000427246094,206.2100067138672,156852800,199.92500076293945,211.22999572753906,203.75,False,True
2023-03-02,190.89999389648438,193.75,186.00999450683594,186.74000549316406,181500700,200.3995002746582,207.1999969482422,198.52000427246094,False,True
2023-03-03,197.7899932861328,200.47999572753906,192.8800048828125,194.8000030517578,154193300,200.8754997253418,193.75,186.00999450683594,True,False
2023-03-06,193.80999755859375,198.60000610351562,192.3000030517578,198.5399932861328,128100100,201.06699981689454,200.47999572753906,192.8800048828125,False,False
2023-03-07,187.7100067138672,194.1999969482422,186.10000610351562,191.3800048828125,148125800,200.7145004272461,198.60000610351562,192.3000030517578,False,True
2023-03-08,182.0,186.5,180.0,185.0399932861328,151897800,199.9740005493164,194.1999969482422,186.10000610351562,False,True
2023-03-09,172.9199981689453,185.17999267578125,172.50999450683594,180.25,170023800,198.55550079345704,186.5,180.0,False,True
2023-03-10,173.44000244140625,178.2899932861328,168.44000244140625,175.1300048828125,191488900,196.86150054931642,185.17999267578125,172.50999450683594,False,False
2023-03-13,174.47999572753906,177.35000610351562,163.91000366210938,167.4600067138672,167790300,195.74100036621093,178.2899932861328,168.44000244140625,False,False
2023-03-14,183.25999450683594,183.8000030517578,177.13999938964844,177.30999755859375,143717900,195.1720001220703,177.35000610351562,163.91000366210938,True,False
2023-03-15,180.4499969482422,182.33999633789062,176.02999877929688,180.8000030517578,145995600,193.73199996948242,183.8000030517578,177.13999938964844,False,False
2023-03-16,184.1300048828125,185.80999755859375,178.83999633789062,180.3699951171875,121136800,192.22649993896485,182.33999633789062,176.02999877929688,True,False
2023-03-17,180.1300048828125,186.22000122070312,177.3300018310547,184.52000427246094,133197100,191.13100051879883,185.80999755859375,178.83999633789062,False,False
2023-03-20,183.25,186.44000244140625,176.35000610351562,178.0800018310547,129684400,189.87800064086915,186.22000122070312,177.3300018310547,False,False
2023-03-21,197.5800018310547,198.0,188.0399932861328,188.27999877929688,153391400,189.8885009765625,186.44000244140625,176.35000610351562,True,False
2023-03-22,191.14999389648438,200.66000366210938,190.9499969482422,199.3000030517578,150376400,189.40300064086915,198.0,188.0399932861328,False,False
2023-03-23,192.22000122070312,199.30999755859375,188.64999389648438,195.25999450683594,144193900,188.91050033569337,200.66000366210938,190.9499969482422,False,False
2023-03-24,190.41000366210938,192.36000061035156,187.14999389648438,191.64999389648438,116312400,188.5870002746582,199.30999755859375,188.64999389648438,False,False
2023-03-27,191.80999755859375,197.38999938964844,189.94000244140625,194.4199981689453,120851600,187.79599990844727,192.36000061035156,187.14999389648438,False,False
2023-03-28,189.19000244140625,192.35000610351562,185.42999267578125,192.0,98654600,186.96999969482422,197.38999938964844,189.94000244140625,False,True
2023-03-29,193.8800048828125,195.2899932861328,189.44000244140625,193.1300048828125,123660000,186.5254997253418,192.35000610351562,185.42999267578125,True,False
2023-03-30,195.27999877929688,197.3300018310547,194.4199981689453,195.5800018310547,110252200,186.74449996948243,195.2899932861328,189.44000244140625,False,False
2023-03-31,207.4600067138672,207.7899932861328,197.1999969482422,197.52999877929688,170222100,187.22800064086914,197.3300018310547,194.4199981689453,True,False
2023-04-03,194.77000427246094,202.69000244140625,192.1999969482422,199.91000366210938,169545900,187.2760009765625,207.7899932861328,197.1999969482422,False,True
2023-04-04,192.5800018310547,198.74000549316406,190.32000732421875,197.32000732421875,126463800,187.51950073242188,202.69000244140625,192.1999969482422,False,False
2023-04-05,185.52000427246094,190.67999267578125,183.75999450683594,190.52000427246094,133882500,187.69550094604492,198.74000549316406,190.32000732421875,False,True
2023-04-06,185.05999755859375,186.38999938964844,179.74000549316406,183.0800018310547,123857900,188.30250091552733,190.67999267578125,183.75999450683594,False,False
2023-04-10,184.50999450683594,185.10000610351562,176.11000061035156,179.94000244140625,142154600,188.85600051879882,186.38999938964844,179.74000549316406,False,False
2023-04-11,186.7899932861328,189.19000244140625,185.64999389648438,186.69000244140625,115770900,189.47150039672852,185.10000610351562,176.11000061035156,True,False
2023-04-12,180.5399932861328,191.5800018310547,180.30999755859375,190.74000549316406,150256300,189.33550033569335,189.19000244140625,185.64999389648438,False,True
2023-04-13,185.89999389648438,186.5,180.94000244140625,182.9600067138672,112933000,189.60800018310547,191.5800018310547,180.30999755859375,False,False
2023-04-14,185.0,186.27999877929688,182.00999450683594,183.9499969482422,96438700,189.65149993896483,186.5,180.94000244140625,False,False
2023-04-17,187.0399932861328,189.69000244140625,182.69000244140625,186.32000732421875,116662200,189.99699935913085,186.27999877929688,182.00999450683594,True,False
2023-04-18,184.30999755859375,187.69000244140625,183.5800018310547,187.14999389648438,92067000,190.04999923706055,189.69000244140625,182.69000244140625,False,False
2023-04-19,180.58999633789062,183.5,177.64999389648438,179.10000610351562,125732700,189.20049896240235,187.69000244140625,183.5800018310547,False,True
2023-04-20,162.99000549316406,169.6999969482422,160.55999755859375,166.1699981689453,210970800,187.79249954223633,183.5,177.64999389648438,False,True
2023-04-21,165.0800018310547,166.0,161.32000732421875,164.8000030517578,123539000,186.4354995727539,169.6999969482422,160.55999755859375,False,False
2023-04-24,162.5500030517578,165.64999389648438,158.61000061035156,164.64999389648438,140006600,185.04249954223633,166.0,161.32000732421875,False,False
2023-04-25,160.6699981689453,163.47000122070312,158.75,159.82000732421875,121999300,183.4854995727539,165.64999389648438,158.61000061035156,False,False
2023-04-26,153.75,160.6699981689453,153.13999938964844,160.2899932861328,153364100,181.7134994506836,163.47000122070312,158.75,False,True
2023-04-27,160.19000244140625,160.47999572753906,152.3699951171875,152.63999938964844,127015200,180.02899932861328,160.6699981689453,153.13999938964844,False,False
2023-04-28,164.30999755859375,165.0,157.32000732421875,160.89999389648438,122515800,178.48049926757812,160.47999572753906,152.3699951171875,True,False
2023-05-01,161.8300018310547,163.27999877929688,158.8300018310547,163.1699981689453,109015000,176.1989990234375,165.0,157.32000732421875,False,False
2023-05-02,160.30999755859375,165.49000549316406,158.92999267578125,161.8800048828125,128259700,174.47599868774415,163.27999877929688,158.8300018310547,False,False
2023-05-03,160.61000061035156,165.0,159.91000366210938,160.00999450683594,119728000,172.87749862670898,165.49000549316406,158.92999267578125,False,False
2023-05-04,161.1999969482422,162.9499969482422,159.64999389648438,162.7100067138672,95108500,171.66149826049804,165.0,159.91000366210938,False,False
2023-05-05,170.05999755859375,170.7899932861328,163.50999450683594,163.97000122070312,107440900,170.91149826049804,162.9499969482422,159.64999389648438,True,False
2023-05-08,171.7899932861328,173.8000030517578,169.19000244140625,173.72000122070312,112249400,170.2754981994629,170.7899932861328,163.50999450683594,True,False
2023-05-09,169.14999389648438,169.82000732421875,166.55999755859375,168.9499969482422,88965000,169.39349822998048,173.8000030517578,169.19000244140625,False,True
2023-05-10,168.5399932861328,174.42999267578125,166.67999267578125,172.5500030517578,119840700,168.79349822998046,169.82000732421875,166.55999755859375,False,False
2023-05-11,172.0800018310547,173.57000732421875,166.7899932861328,168.6999969482422,103889900,168.10249862670898,174.42999267578125,166.67999267578125,False,False
2023-05-12,167.97999572753906,177.3800048828125,167.22999572753906,176.07000732421875,157577100,167.25149841308593,173.57000732421875,166.7899932861328,False,False
2023-05-15,166.35000610351562,169.75999450683594,164.5500030517578,167.66000366210938,105592500,166.21699905395508,177.3800048828125,167.22999572753906,False,True
2023-05-16,166.52000427246094,169.52000427246094,164.35000610351562,165.64999389648438,98288800,165.32749938964844,169.75999450683594,164.5500030517578,False,False
2023-05-17,173.86000061035156,174.5,167.19000244140625,168.41000366210938,125473600,164.9909996032715,169.52000427246094,164.35000610351562,True,False
2023-05-18,176.88999938964844,177.05999755859375,172.4499969482422,174.22000122070312,109520300,165.6859992980957,174.5,167.19000244140625,True,False
2023-05-19,180.13999938964844,181.9499969482422,176.30999755859375,177.1699981689453,136024200,166.4389991760254,177.05999755859375,172.4499969482422,True,False
2023-05-22,188.8699951171875,189.32000732421875,180.11000061035156,180.6999969482422,132001400,167.75499877929687,181.9499969482422,176.30999755859375,True,False
2023-05-23,185.77000427246094,192.9600067138672,185.25999450683594,186.1999969482422,156952100,169.00999908447267,189.32000732421875,180.11000061035156,False,False
2023-05-24,182.89999389648438,184.22000122070312,178.22000122070312,182.22999572753906,137605100,170.46749877929688,192.9600067138672,185.25999450683594,False,True
2023-05-25,184.47000122070312,186.77999877929688,180.5800018310547,186.5399932861328,96870700,171.6814987182617,184.22000122070312,178.22000122070312,True,False
2023-05-26,193.1699981689453,198.60000610351562,184.52999877929688,184.6199951171875,162061500,173.1244987487793,186.77999877929688,180.5800018310547,True,False
2023-05-30,201.16000366210938,204.47999572753906,197.52999877929688,200.10000610351562,128818700,175.09099884033202,198.60000610351562,184.52999877929688,True,False
2023-05-31,203.92999267578125,203.9499969482422,195.1199951171875,199.77999877929688,150711700,177.2719985961914,204.47999572753906,197.52999877929688,False,False
2023-06-01,207.52000427246094,209.8000030517578,199.3699951171875,202.58999633789062,148029900,179.61749877929688,203.9499969482422,195.1199951171875,True,False
2023-06-02,213.97000122070312,217.25,209.75,210.14999389648438,164129000,182.25599899291993,209.8000030517578,199.3699951171875,True,False
2023-06-05,217.61000061035156,221.2899932861328,214.52000427246094,217.8000030517578,151143100,184.6334991455078,217.25,209.75,True,False
2023-06-06,221.30999755859375,221.91000366210938,212.52999877929688,216.13999938964844,146911600,187.10949935913087,221.2899932861328,214.52000427246094,True,False
2023-06-07,224.57000732421875,230.8300018310547,223.1999969482422,228.0,185710800,189.88050003051757,221.91000366210938,212.52999877929688,True,False
2023-06-08,234.86000061035156,235.22999572753906,223.00999450683594,224.22000122070312,164489700,193.1965003967285,230.8300018310547,223.1999969482422,True,False
2023-06-09,244.39999389648438,252.4199981689453,242.02000427246094,249.07000732421875,199882300,196.8125,235.22999572753906,223.00999450683594,True,False
2023-06-12,249.8300018310547,250.97000122070312,244.58999633789062,247.94000244140625,150337900,200.90500030517578,252.4199981689453,242.02000427246094,False,False
2023-06-13,258.7099914550781,259.67999267578125,251.33999633789062,253.50999450683594,162384300,205.52299957275392,250.97000122070312,244.58999633789062,True,False
2023-06-14,256.7900085449219,261.57000732421875,250.5,260.1700134277344,170575500,210.03649978637696,259.67999267578125,251.33999633789062,False,False
2023-06-15,255.89999389648438,258.95001220703125,247.2899932861328,248.39999389648438,160171200,214.13849945068358,261.57000732421875,250.5,False,False
2023-06-16,260.5400085449219,263.6000061035156,257.2099914550781,258.9200134277344,167563700,218.32099990844728,258.95001220703125,247.2899932861328,True,False
2023-06-20,274.45001220703125,274.75,261.1199951171875,261.5,165611200,223.0365005493164,263.6000061035156,257.2099914550781,True,False
2023-06-21,259.4599914550781,276.989990234375,257.7799987792969,275.1300048828125,211797100,226.56600036621094,274.75,261.1199951171875,False,True
2023-06-22,264.6099853515625,265.0,248.25,250.77000427246094,166875900,230.50799942016602,276.989990234375,257.7799987792969,False,False
2023-06-23,256.6000061035156,262.45001220703125,252.8000030517578,259.2900085449219,176584100,234.19300003051757,265.0,248.25,False,False
2023-06-26,241.0500030517578,258.3699951171875,240.6999969482422,250.07000732421875,179990600,237.02200012207032,262.45001220703125,252.8000030517578,False,True
2023-06-27,250.2100067138672,250.38999938964844,240.85000610351562,243.24000549316406,164968200,239.8740005493164,258.3699951171875,240.6999969482422,False,False
2023-06-28,256.239990234375,259.8800048828125,248.88999938964844,249.6999969482422,159770800,242.62799987792968,250.38999938964844,240.85000610351562,True,False
2023-06-29,257.5,260.739990234375,253.61000061035156,258.0299987792969,131283400,245.30650024414064,259.8800048828125,248.88999938964844,False,False
2023-06-30,261.7699890136719,264.45001220703125,259.8900146484375,260.6000061035156,112267600,248.01899948120118,260.739990234375,253.61000061035156,True,False
2023-07-03,279.82000732421875,284.25,275.1099853515625,276.489990234375,119685900,251.31149978637694,264.45001220703125,259.8900146484375,True,False
2023-07-05,282.4800109863281,283.8500061035156,277.6000061035156,278.82000732421875,131530900,254.55500030517578,284.25,275.1099853515625,False,False
2023-07-06,276.5400085449219,279.9700012207031,272.8800048828125,278.0899963378906,120332100,257.3165008544922,283.8500061035156,277.6000061035156,False,True
2023-07-07,274.42999267578125,280.7799987792969,273.7699890136719,278.42999267578125,113602000,259.8095001220703,279.9700012207031,272.8800048828125,False,False
2023-07-10,269.6099853515625,277.5199890136719,265.1000061035156,276.4700012207031,119425400,261.54699935913084,280.7799987792969,273.7699890136719,False,True
2023-07-11,269.7900085449219,270.8999938964844,266.3699951171875,268.6499938964844,91972400,262.8165000915527,277.5199890136719,265.1000061035156,False,False
2023-07-12,271.989990234375,276.5199890136719,271.4599914550781,276.3299865722656,95672100,263.92449951171875,270.8999938964844,266.3699951171875,True,False
2023-07-13,277.8999938964844,279.45001220703125,270.6000061035156,274.5899963378906,112681500,264.8839996337891,276.5199890136719,271.4599914550781,True,False
2023-07-14,281.3800048828125,285.29998779296875,276.30999755859375,277.010009765625,119771100,266.1134994506836,279.45001220703125,270.6000061035156,True,False
2023-07-17,290.3800048828125,292.2300109863281,283.57000732421875,286.6300048828125,131569600,267.8375,285.29998779296875,276.30999755859375,True,False
2023-07-18,293.3399963378906,295.260009765625,286.010009765625,290.1499938964844,112434700,269.4774993896484,292.2300109863281,283.57000732421875,True,False
2023-07-19,291.260009765625,299.2900085449219,289.5199890136719,296.0400085449219,142355400,270.3179992675781,295.260009765625,286.010009765625,False,False
2023-07-20,262.8999938964844,280.92999267578125,261.20001220703125,279.55999755859375,175158300,270.48999938964846,299.2900085449219,289.5199890136719,False,True
2023-07-21,260.0199890136719,268.0,255.8000030517578,268.0,161050100,270.26049957275393,280.92999267578125,261.20001220703125,False,True
2023-07-24,269.05999755859375,269.8500061035156,254.1199951171875,255.85000610351562,136508500,270.8834991455078,268.0,255.8000030517578,True,False
2023-07-25,265.2799987792969,272.8999938964844,265.0,272.3800048828125,112757300,272.0949989318848,269.8500061035156,254.1199951171875,False,False
2023-07-26,264.3500061035156,268.0400085449219,261.75,263.25,95856200,272.8019989013672,272.8999938964844,265.0,False,True
2023-07-27,255.7100067138672,269.1300048828125,255.3000030517578,268.30999755859375,103697300,272.7754997253418,268.0400085449219,261.75,False,True
2023-07-28,266.44000244140625,267.25,258.2300109863281,259.8599853515625,111446000,273.2224998474121,269.1300048828125,255.3000030517578,False,False
2023-07-31,267.42999267578125,269.0799865722656,263.7799987792969,267.4800109863281,84582200,273.50550003051757,267.25,258.2300109863281,True,False
2023-08-01,261.07000732421875,266.4700012207031,260.25,266.260009765625,83166000,272.56800003051757,269.0799865722656,263.7799987792969,False,True
2023-08-02,254.11000061035156,259.5199890136719,250.49000549316406,255.57000732421875,101752900,271.1494995117188,266.4700012207031,260.25,False,True
2023-08-03,259.32000732421875,260.489990234375,252.0,252.0399932861328,97569100,270.2884994506836,259.5199890136719,250.49000549316406,False,False
2023-08-04,253.86000061035156,264.7699890136719,253.11000061035156,260.9700012207031,99242600,269.25999984741213,260.489990234375,252.0,False,False
2023-08-07,251.4499969482422,253.64999389648438,242.75999450683594,251.4499969482422,111097900,268.3520004272461,264.7699890136719,253.11000061035156,False,True
2023-08-08,249.6999969482422,250.9199981689453,245.00999450683594,247.4499969482422,96642200,267.3474998474121,253.64999389648438,242.75999450683594,False,False
2023-08-09,242.19000244140625,251.10000610351562,241.89999389648438,250.8699951171875,101596300,265.85750045776365,250.9199981689453,245.00999450683594,False,True
2023-08-10,245.33999633789062,251.8000030517578,243.0,245.39999389648438,109498600,264.229500579834,251.10000610351562,241.89999389648438,False,False
2023-08-11,242.64999389648438,243.7899932861328,238.02000427246094,241.77000427246094,98866600,262.2930000305176,251.8000030517578,243.0,False,True
2023-08-14,239.75999450683594,240.66000366210938,233.75,235.6999969482422,98595300,259.7619995117187,243.7899932861328,238.02000427246094,False,False
2023-08-15,232.9600067138672,240.5,232.61000061035156,238.72999572753906,88197600,256.7430000305176,240.66000366210938,233.75,False,True
2023-08-16,225.60000610351562,233.97000122070312,225.3800048828125,228.02000427246094,112484500,253.45999984741212,240.5,232.61000061035156,False,True
2023-08-17,219.22000122070312,226.74000549316406,218.8300018310547,226.05999755859375,120718400,251.27600021362304,233.97000122070312,225.3800048828125,False,True
2023-08-18,215.49000549316406,217.5800018310547,212.36000061035156,214.1199951171875,135813700,249.04950103759765,226.74000549316406,218.8300018310547,False,True
2023-08-21,231.27999877929688,232.1300048828125,220.5800018310547,221.5500030517578,135702700,247.1605010986328,217.5800018310547,212.36000061035156,True,False
2023-08-22,233.19000244140625,240.82000732421875,229.5500030517578,240.25,130597900,245.55600128173828,232.1300048828125,220.5800018310547,True,False
2023-08-23,236.86000061035156,238.97999572753906,229.2899932861328,229.33999633789062,101077600,244.18150100708007,240.82000732421875,229.5500030517578,False,False
2023-08-24,230.0399932861328,238.9199981689453,228.17999267578125,238.66000366210938,99777400,242.89800033569335,238.97999572753906,229.2899932861328,False,False
2023-08-25,238.58999633789062,239.0,230.35000610351562,231.30999755859375,106612200,241.50550003051757,238.9199981689453,228.17999267578125,False,False
2023-08-28,238.82000732421875,244.3800048828125,235.35000610351562,242.5800018310547,107673700,240.07500076293945,239.0,230.35000610351562,False,False
2023-08-29,257.17999267578125,257.4800109863281,237.77000427246094,238.5800018310547,134047600,239.88050003051757,244.3800048828125,235.35000610351562,True,False
2023-08-30,256.8999938964844,260.510009765625,250.58999633789062,254.1999969482422,121988400,240.0199996948242,257.4800109863281,237.77000427246094,False,False
2023-08-31,258.0799865722656,261.17999267578125,255.0500030517578,255.97999572753906,108861700,239.95799865722657,260.510009765625,250.58999633789062,False,False
2023-09-01,245.00999450683594,259.0799865722656,242.00999450683594,257.260009765625,132272500,239.51549835205077,261.17999267578125,255.0500030517578,False,True
2023-09-05,256.489990234375,258.0,244.86000061035156,245.0,129469600,239.76749801635742,259.0799865722656,242.00999450683594,False,False
2023-09-06,251.9199981689453,255.38999938964844,245.05999755859375,255.13999938964844,116959800,239.87849807739258,258.0,244.86000061035156,False,False
2023-09-07,251.49000549316406,252.80999755859375,243.27000427246094,245.07000732421875,115312900,240.34349822998047,255.38999938964844,245.05999755859375,False,False
2023-09-08,248.5,256.5199890136719,246.6699981689453,251.22000122070312,118367700,240.50149841308593,252.80999755859375,243.27000427246094,False,False
2023-09-11,273.5799865722656,274.8500061035156,260.6099853515625,264.2699890136719,174667900,242.047998046875,256.5199890136719,246.6699981689453,True,False
2023-09-12,267.4800109863281,278.3900146484375,266.6000061035156,270.760009765625,135999900,243.43399887084962,274.8500061035156,260.6099853515625,False,False
2023-09-13,271.29998779296875,274.9800109863281,268.1000061035156,270.07000732421875,111673700,245.3509979248047,278.3900146484375,266.6000061035156,False,False
2023-09-14,276.0400085449219,276.7099914550781,270.4200134277344,271.32000732421875,107709800,247.872998046875,274.9800109863281,268.1000061035156,True,False
2023-09-15,274.3900146484375,278.9800109863281,271.0,277.54998779296875,133422800,250.63149871826172,276.7099914550781,270.4200134277344,False,False
2023-09-18,265.2799987792969,271.44000244140625,263.760009765625,271.1600036621094,101543300,253.12099838256836,278.9800109863281,271.0,False,True
2023-09-19,266.5,267.8500061035156,261.20001220703125,264.3500061035156,103704000,254.88199844360352,271.44000244140625,263.760009765625,False,False
2023-09-20,262.5899963378906,273.92999267578125,262.4599914550781,267.0400085449219,122514600,256.35199813842775,267.8500061035156,261.20001220703125,False,False
2023-09-21,255.6999969482422,260.8599853515625,254.2100067138672,257.8500061035156,119531000,257.29399795532225,273.92999267578125,262.4599914550781,False,True
2023-09-22,244.8800048828125,257.7900085449219,244.47999572753906,257.3999938964844,127524100,258.03599853515624,260.8599853515625,254.2100067138672,False,True
2023-09-25,246.99000549316406,247.10000610351562,238.30999755859375,243.3800048828125,104636600,258.45599899291994,257.7900085449219,244.47999572753906,False,False
2023-09-26,244.1199951171875,249.5500030517578,241.66000366210938,242.97999572753906,101993600,258.7209983825684,247.10000610351562,238.30999755859375,False,False
2023-09-27,240.5,245.3300018310547,234.5800018310547,244.25999450683594,136597200,257.8869987487793,249.5500030517578,241.66000366210938,False,True
2023-09-28,246.3800048828125,247.5500030517578,238.64999389648438,240.02000427246094,117058900,257.3609992980957,245.3300018310547,234.5800018310547,True,False
2023-09-29,250.22000122070312,254.77000427246094,246.35000610351562,250.0,128346200,256.9680000305176,247.5500030517578,238.64999389648438,True,False
2023-10-02,251.60000610351562,254.27999877929688,242.6199951171875,244.80999755859375,123810400,257.29750061035156,254.77000427246094,246.35000610351562,False,False
2023-10-03,246.52999877929688,250.02000427246094,244.4499969482422,248.61000061035156,101985300,256.7995010375977,254.27999877929688,242.6199951171875,False,False
2023-10-04,261.1600036621094,261.8599853515625,247.60000610351562,248.13999938964844,129721600,257.26150131225586,250.02000427246094,244.4499969482422,True,False
2023-10-05,260.04998779296875,263.6000061035156,256.25,260.0,119159200,257.6895004272461,261.8599853515625,247.60000610351562,False,False
2023-10-06,260.5299987792969,261.6499938964844,250.64999389648438,253.97999572753906,117947000,258.29100036621094,263.6000061035156,256.25,False,False
2023-10-09,259.6700134277344,261.3599853515625,252.0500030517578,255.30999755859375,101377900,257.5955017089844,261.6499938964844,250.64999389648438,False,False
2023-10-10,263.6199951171875,268.94000244140625,257.6499938964844,257.75,122656000,257.40250091552736,261.3599853515625,252.0500030517578,True,False
2023-10-11,262.989990234375,268.6000061035156,260.8999938964844,266.20001220703125,103706300,256.9870010375977,268.94000244140625,257.6499938964844,False,False
2023-10-12,258.8699951171875,265.4100036621094,256.6300048828125,262.9200134277344,111508100,256.1285003662109,268.6000061035156,260.8999938964844,False,True
2023-10-13,251.1199951171875,259.6000061035156,250.22000122070312,258.8999938964844,102073800,254.96499938964843,265.4100036621094,256.6300048828125,False,True
2023-10-16,253.9199981689453,255.39999389648438,248.47999572753906,250.0500030517578,88917200,254.39699935913086,259.6000061035156,250.22000122070312,False,False
2023-10-17,254.85000610351562,257.17999267578125,247.0800018310547,250.10000610351562,93562900,253.81449966430665,255.39999389648438,248.47999572753906,False,False
2023-10-18,242.67999267578125,254.6300048828125,242.0800018310547,252.6999969482422,125147800,252.81899948120116,257.17999267578125,247.0800018310547,False,True
2023-10-19,220.11000061035156,230.61000061035156,216.77999877929688,225.9499969482422,170772700,251.03949966430665,254.6300048828125,242.0800018310547,False,True
2023-10-20,211.99000549316406,218.86000061035156,210.4199981689453,217.00999450683594,137734000,249.3949996948242,230.61000061035156,216.77999877929688,False,True
2023-10-23,212.0800018310547,216.97999572753906,202.50999450683594,210.0,150683400,247.64949951171874,218.86000061035156,210.4199981689453,False,False
2023-10-24,216.52000427246094,222.0500030517578,214.11000061035156,216.5,118231100,246.2694999694824,216.97999572753906,202.50999450683594,False,False
2023-10-25,212.4199981689453,220.10000610351562,212.1999969482422,215.8800048828125,107065100,244.8654998779297,222.0500030517578,214.11000061035156,False,True
2023-10-26,205.75999450683594,214.8000030517578,204.8800048828125,211.32000732421875,115112600,242.83449935913086,220.10000610351562,212.1999969482422,False,True
2023-10-27,207.3000030517578,212.41000366210938,205.77000427246094,210.60000610351562,94881200,240.6884994506836,214.8000030517578,204.8800048828125,False,False
2023-10-30,197.36000061035156,210.8800048828125,194.6699981689453,209.27999877929688,136448200,237.97649917602538,212.41000366210938,205.77000427246094,False,True
2023-10-31,200.83999633789062,202.8000030517578,194.07000732421875,196.1199951171875,118068300,235.69199905395507,210.8800048828125,194.6699981689453,False,False
2023-11-01,205.66000366210938,205.99000549316406,197.85000610351562,204.0399932861328,121661700,232.91699905395507,202.8000030517578,194.07000732421875,True,False
2023-11-02,218.50999450683594,219.1999969482422,211.4499969482422,212.97000122070312,125987600,230.83999938964843,205.99000549316406,197.85000610351562,True,False
2023-11-03,219.9600067138672,226.3699951171875,218.39999389648438,221.14999389648438,119281000,228.81149978637694,219.1999969482422,211.4499969482422,True,False
2023-11-06,219.27000427246094,226.32000732421875,215.0,223.97999572753906,117335800,226.79149932861327,226.3699951171875,218.39999389648438,False,False
2023-11-07,222.17999267578125,223.1199951171875,215.72000122070312,219.97999572753906,116900100,224.71949920654296,226.32000732421875,215.0,False,False
2023-11-08,222.11000061035156,224.14999389648438,217.63999938964844,223.14999389648438,106584800,222.6754997253418,223.1199951171875,215.72000122070312,False,False
2023-11-09,209.97999572753906,220.8000030517578,206.67999267578125,219.75,142110500,220.2309997558594,224.14999389648438,217.63999938964844,False,True
2023-11-10,214.64999389648438,215.3800048828125,205.69000244140625,210.02999877929688,130994000,218.40749969482422,220.8000030517578,206.67999267578125,False,False
2023-11-13,223.7100067138672,225.39999389648438,211.61000061035156,215.60000610351562,140447600,216.89700012207032,215.3800048828125,205.69000244140625,True,False
2023-11-14,237.41000366210938,238.13999938964844,230.72000122070312,235.02999877929688,149771600,216.025,225.39999389648438,211.61000061035156,True,False
2023-11-15,242.83999633789062,246.6999969482422,236.4499969482422,239.2899932861328,150354000,216.03300018310546,238.13999938964844,230.72000122070312,True,False
2023-11-16,233.58999633789062,240.8800048828125,230.9600067138672,239.49000549316406,136816800,216.7069999694824,246.6999969482422,236.4499969482422,False,True
2023-11-17,234.3000030517578,237.38999938964844,226.5399932861328,232.0,142532800,217.8224998474121,240.8800048828125,230.9600067138672,False,False
2023-11-20,235.60000610351562,237.10000610351562,231.02000427246094,234.0399932861328,116320100,218.99850006103514,237.38999938964844,226.5399932861328,False,False
2023-11-21,241.1999969482422,243.6199951171875,233.33999633789062,235.0399932861328,122288000,220.2324996948242,237.10000610351562,231.02000427246094,True,False
2023-11-22,234.2100067138672,244.00999450683594,231.39999389648438,242.0399932861328,117950600,221.3220001220703,243.6199951171875,233.33999633789062,False,False
2023-11-24,235.4499969482422,238.75,232.3300018310547,233.75,65125200,222.80650024414064,244.00999450683594,231.39999389648438,False,False
2023-11-27,236.0800018310547,238.3300018310547,232.10000610351562,236.88999938964844,112031800,224.24550018310546,238.75,232.3300018310547,False,False
2023-11-28,246.72000122070312,247.0,234.00999450683594,236.67999267578125,148549900,226.71350021362304,238.3300018310547,232.10000610351562,True,False
2023-11-29,244.13999938964844,252.75,242.75999450683594,249.2100067138672,135401300,228.87850036621094,247.0,234.00999450683594,False,False
2023-11-30,240.0800018310547,245.22000122070312,236.91000366210938,245.13999938964844,132353200,230.5995002746582,252.75,242.75999450683594,False,True
2023-12-01,238.8300018310547,240.19000244140625,231.89999389648438,233.13999938964844,121173500,231.61550064086913,245.22000122070312,236.91000366210938,False,False
2023-12-04,235.5800018310547,239.3699951171875,233.2899932861328,235.75,104099800,232.39650039672853,240.19000244140625,231.89999389648438,False,False
2023-12-05,238.72000122070312,246.66000366210938,233.6999969482422,233.8699951171875,137971100,233.36900024414064,239.3699951171875,233.2899932861328,False,False
2023-12-06,239.3699951171875,246.57000732421875,239.1699981689453,242.9199981689453,126436200,234.22850036621094,246.66000366210938,233.6999969482422,False,False
2023-12-07,242.63999938964844,244.0800018310547,236.97999572753906,241.5500030517578,107142300,235.25500030517577,246.57000732421875,239.1699981689453,False,False
2023-12-08,243.83999633789062,245.27000427246094,239.27000427246094,240.27000427246094,102980100,236.94800033569337,244.0800018310547,236.97999572753906,False,False
2023-12-11,239.74000549316406,243.44000244140625,237.4499969482422,242.74000549316406,97913900,238.20250091552734,245.27000427246094,239.27000427246094,False,False
2023-12-12,237.00999450683594,238.99000549316406,233.8699951171875,238.5500030517578,95328300,238.86750030517578,243.44000244140625,237.4499969482422,False,True
2023-12-13,239.2899932861328,240.3000030517578,228.1999969482422,234.19000244140625,146286300,238.96149978637695,238.99000549316406,233.8699951171875,True,False
2023-12-14,251.0500030517578,253.8800048828125,240.7899932861328,241.22000122070312,160829200,239.37200012207032,240.3000030517578,228.1999969482422,True,False
2023-12-15,253.5,254.1300048828125,248.3000030517578,251.2100067138672,135720800,240.36750030517578,253.8800048828125,240.7899932861328,False,False
2023-12-18,252.0800018310547,258.739990234375,251.36000061035156,253.77999877929688,116416500,241.25650024414062,254.1300048828125,248.3000030517578,False,False
2023-12-19,257.2200012207031,258.3399963378906,253.00999450683594,253.47999572753906,106737400,242.3375,258.739990234375,251.36000061035156,False,False
2023-12-20,247.13999938964844,259.8399963378906,247.0,256.4100036621094,125097000,242.6345001220703,258.3399963378906,253.00999450683594,False,True
2023-12-21,254.5,254.8000030517578,248.5500030517578,251.89999389648438,109594200,243.64899978637695,259.8399963378906,247.0,False,False
2023-12-22,252.5399932861328,258.2200012207031,251.3699951171875,256.760009765625,93249800,244.50349960327148,254.8000030517578,248.5500030517578,False,False
2023-12-26,256.6099853515625,257.9700012207031,252.91000366210938,254.49000549316406,86892400,245.52999877929688,258.2200012207031,251.3699951171875,False,False
2023-12-27,261.44000244140625,263.3399963378906,257.5199890136719,258.3500061035156,106494400,246.26599884033203,257.9700012207031,252.91000366210938,True,False
2023-12-28,253.17999267578125,265.1300048828125,252.7100067138672,263.6600036621094,113619900,246.71799850463867,263.3399963378906,257.5199890136719,False,True
2023-12-29,248.47999572753906,255.19000244140625,247.42999267578125,255.10000610351562,100615300,247.13799819946288,265.1300048828125,252.7100067138672,False,True
2024-01-02,248.4199981689453,251.25,244.41000366210938,250.0800018310547,104654200,247.61749801635742,255.19000244140625,247.42999267578125,False,False
2024-01-03,238.4499969482422,245.67999267578125,236.32000732421875,244.97999572753906,121082600,247.7609977722168,251.25,244.41000366210938,False,True
2024-01-04,237.92999267578125,242.6999969482422,237.72999572753906,239.25,102629300,247.72149734497071,245.67999267578125,236.32000732421875,False,False
2024-01-05,237.49000549316406,240.1199951171875,234.89999389648438,236.86000061035156,92379400,247.62749786376952,242.6999969482422,237.72999572753906,False,True
2024-01-08,240.4499969482422,241.25,235.3000030517578,236.13999938964844,85166600,247.51799774169922,240.1199951171875,234.89999389648438,True,False
2024-01-09,234.9600067138672,238.9600067138672,232.0399932861328,238.11000061035156,96705700,247.07399826049806,241.25,235.3000030517578,False,True
2024-01-10,233.94000244140625,235.5,231.2899932861328,235.10000610351562,91628500,246.78399810791015,238.9600067138672,232.0399932861328,False,False
2024-01-11,227.22000122070312,230.92999267578125,225.3699951171875,230.57000732421875,105873600,246.29449844360352,235.5,231.2899932861328,False,True
2024-01-12,218.88999938964844,225.33999633789062,217.14999389648438,220.0800018310547,122889000,245.2744987487793,230.92999267578125,225.3699951171875,False,True
2024-01-16,219.91000366210938,223.49000549316406,212.17999267578125,215.10000610351562,115355000,243.71749877929688,225.33999633789062,217.14999389648438,False,False
2024-01-17,215.5500030517578,215.6699981689453,212.00999450683594,214.86000061035156,103164400,241.81999893188475,223.49000549316406,212.17999267578125,False,False
2024-01-18,211.8800048828125,217.4499969482422,208.74000549316406,216.8800048828125,108595400,239.80999908447265,215.6699981689453,212.00999450683594,False,True
2024-01-19,212.19000244140625,213.19000244140625,207.55999755859375,209.99000549316406,102095800,237.55849914550782,217.4499969482422,208.74000549316406,False,False
2024-01-22,208.8000030517578,217.8000030517578,206.27000427246094,212.25999450683594,117952500,235.6414993286133,213.19000244140625,207.55999755859375,False,False
2024-01-23,209.13999938964844,215.64999389648438,207.75,211.3000030517578,106605900,233.3734992980957,217.8000030517578,206.27000427246094,False,False
2024-01-24,207.8300018310547,212.72999572753906,206.77000427246094,211.8800048828125,123369900,231.13799972534179,215.64999389648438,207.75,False,False
2024-01-25,182.6300048828125,193.0,180.05999755859375,189.6999969482422,198076800,227.4390007019043,212.72999572753906,206.77000427246094,False,True
2024-01-26,183.25,186.77999877929688,182.10000610351562,185.5,107343200,223.52950057983398,193.0,180.05999755859375,False,False
2024-01-29,190.92999267578125,191.47999572753906,183.6699981689453,185.6300048828125,125013100,220.417000579834,186.77999877929688,182.10000610351562,True,False
2024-01-30,191.58999633789062,196.36000061035156,190.61000061035156,195.3300018310547,109982300,217.57250061035157,191.47999572753906,183.6699981689453,True,False
2024-01-31,187.2899932861328,193.97000122070312,185.85000610351562,187.0,103221400,214.51600036621093,196.36000061035156,190.61000061035156,False,True
2024-02-01,188.86000061035156,189.8800048828125,184.27999877929688,188.5,91843300,212.0365005493164,193.97000122070312,185.85000610351562,False,False
2024-02-02,187.91000366210938,188.69000244140625,182.0,185.0399932861328,110505100,209.5355010986328,189.8800048828125,184.27999877929688,False,False
2024-02-05,181.05999755859375,184.67999267578125,175.00999450683594,184.25999450683594,134294400,206.7140007019043,188.69000244140625,182.0,False,True
2024-02-06,185.10000610351562,186.49000549316406,177.11000061035156,177.2100067138672,122676000,203.94650115966797,184.67999267578125,175.00999450683594,True,False
2024-02-07,187.5800018310547,189.7899932861328,182.67999267578125,188.17999267578125,111535200,201.57750091552734,186.49000549316406,177.11000061035156,True,False
2024-02-08,189.55999755859375,191.6199951171875,185.5800018310547,189.0,83034000,199.3585006713867,189.7899932861328,182.67999267578125,False,False
2024-02-09,193.57000732421875,194.1199951171875,189.47999572753906,190.17999267578125,84476300,197.6760009765625,191.6199951171875,185.5800018310547,True,False
2024-02-12,188.1300048828125,194.72999572753906,187.27999877929688,192.11000061035156,95498600,196.13800125122071,194.1199951171875,189.47999572753906,False,True
2024-02-13,184.02000427246094,187.25999450683594,182.11000061035156,183.99000549316406,86759500,194.34350128173827,194.72999572753906,187.27999877929688,False,True
2024-02-14,188.7100067138672,188.88999938964844,183.35000610351562,185.3000030517578,81203000,193.00150146484376,187.25999450683594,182.11000061035156,True,False
2024-02-15,200.4499969482422,200.8800048828125,188.86000061035156,189.16000366210938,120831800,192.43000106811525,188.88999938964844,183.35000610351562,True,False
2024-02-16,199.9499969482422,203.1699981689453,197.39999389648438,202.05999755859375,111173600,191.81800079345703,200.8800048828125,188.86000061035156,False,False
2024-02-20,193.75999450683594,198.60000610351562,189.1300048828125,196.1300048828125,104545800,191.06600036621094,203.1699981689453,197.39999389648438,False,True
2024-02-21,194.77000427246094,199.44000244140625,191.9499969482422,193.36000061035156,103844000,190.34750061035157,198.60000610351562,189.1300048828125,False,False
2024-02-22,197.41000366210938,198.32000732421875,191.36000061035156,194.0,92739500,189.8265007019043,199.44000244140625,191.9499969482422,False,False
2024-02-23,191.97000122070312,197.57000732421875,191.5,195.30999755859375,78841900,190.29350051879882,198.32000732421875,191.36000061035156,False,False
2024-02-26,199.39999389648438,201.77999877929688,192.0,192.2899932861328,111747100,191.10100021362305,197.57000732421875,191.5,True,False
2024-02-27,199.72999572753906,205.60000610351562,198.25999450683594,204.0399932861328,108645400,191.54100036621094,201.77999877929688,192.0,False,False
2024-02-28,202.0399932861328,205.3000030517578,198.44000244140625,200.4199981689453,99806200,192.06350021362306,205.60000610351562,198.25999450683594,False,False
2024-02-29,201.8800048828125,205.27999877929688,198.4499969482422,204.17999267578125,85907000,192.79300079345703,205.3000030517578,198.44000244140625,False,False
2024-03-01,202.63999938964844,204.52000427246094,198.5,200.52000427246094,82099200,193.48200073242188,205.27999877929688,198.4499969482422,False,False
2024-03-04,188.13999938964844,199.75,186.72000122070312,198.72999572753906,134334900,193.49350051879884,204.52000427246094,198.5,False,True
2024-03-05,180.74000549316406,184.58999633789062,177.57000732421875,183.0500030517578,119660800,193.47750091552734,199.75,186.72000122070312,False,True
2024-03-06,176.5399932861328,181.5800018310547,173.6999969482422,179.99000549316406,107920900,193.04950027465821,184.58999633789062,177.57000732421875,False,True
2024-03-07,178.64999389648438,180.0399932861328,173.6999969482422,174.35000610351562,102129000,192.60299987792968,181.5800018310547,173.6999969482422,False,False
2024-03-08,175.33999633789062,182.72999572753906,174.6999969482422,181.5,85315300,191.89199981689453,180.0399932861328,173.6999969482422,False,False
2024-03-11,177.77000427246094,182.8699951171875,174.8000030517578,175.4499969482422,85391500,191.10199966430665,182.72999572753906,174.6999969482422,False,False
2024-03-12,177.5399932861328,179.42999267578125,172.41000366210938,177.77000427246094,87391700,190.57249908447267,182.8699951171875,174.8000030517578,False,False
2024-03-13,169.47999572753906,176.0500030517578,169.14999389648438,173.0500030517578,106524500,189.84549865722656,179.42999267578125,172.41000366210938,False,True
2024-03-14,162.5,171.1699981689453,160.50999450683594,167.77000427246094,126325700,188.5349983215332,176.0500030517578,169.14999389648438,False,True
2024-03-15,163.57000732421875,165.17999267578125,160.75999450683594,163.16000366210938,96971900,186.69099884033204,171.1699981689453,160.50999450683594,False,False
2024-03-18,173.8000030517578,174.72000122070312,165.89999389648438,170.02000427246094,108214400,185.3834991455078,165.17999267578125,160.75999450683594,True,False
2024-03-19,171.32000732421875,172.82000732421875,167.4199981689453,172.36000061035156,77271400,184.26149978637696,174.72000122070312,165.89999389648438,False,False
2024-03-20,175.66000366210938,176.25,170.82000732421875,173.0,83846700,183.30599975585938,172.82000732421875,167.4199981689453,True,False
2024-03-21,172.82000732421875,178.17999267578125,171.8000030517578,176.38999938964844,73178000,182.07649993896484,176.25,170.82000732421875,False,False
2024-03-22,170.8300018310547,171.1999969482422,166.3000030517578,166.69000244140625,75454700,181.0194999694824,178.17999267578125,171.8000030517578,False,True
2024-03-25,172.6300048828125,175.24000549316406,168.72999572753906,168.75999450683594,74228600,179.68100051879884,171.1999969482422,166.3000030517578,True,False
2024-03-26,177.6699981689453,184.25,177.3800048828125,178.5800018310547,113186200,178.57800064086913,175.24000549316406,168.72999572753906,True,False
2024-03-27,179.8300018310547,181.91000366210938,176.0,181.41000366210938,81804000,177.46750106811524,184.25,177.3800048828125,False,False
2024-03-28,175.7899932861328,179.57000732421875,175.3000030517578,177.4499969482422,77654800,176.16300048828126,181.91000366210938,176.0,False,True
2024-04-01,175.22000122070312,176.75,170.2100067138672,176.1699981689453,81562100,174.792000579834,179.57000732421875,175.3000030517578,False,True
2024-04-02,166.6300048828125,167.69000244140625,163.42999267578125,164.75,116650600,173.71650085449218,176.75,170.2100067138672,False,True
2024-04-03,168.3800048828125,168.82000732421875,163.27999877929688,164.02000427246094,82950100,173.0985008239746,167.69000244140625,163.42999267578125,True,False
2024-04-04,171.11000061035156,177.19000244140625,168.00999450683594,170.07000732421875,123162000,172.82700119018554,168.82000732421875,163.27999877929688,True,False
2024-04-05,164.89999389648438,170.86000061035156,160.50999450683594,169.0800018310547,141250700,172.13950119018554,177.19000244140625,168.00999450683594,False,True
2024-04-08,172.97999572753906,174.5,167.7899932861328,169.33999633789062,104423300,172.02150115966796,170.86000061035156,160.50999450683594,True,False
2024-04-09,176.8800048828125,179.22000122070312,171.9199981689453,172.91000366210938,103232700,171.97700119018555,174.5,167.7899932861328,True,False
2024-04-10,171.75999450683594,174.92999267578125,170.00999450683594,173.0399932861328,84532400,171.6880012512207,179.22000122070312,171.9199981689453,False,True
2024-04-11,174.60000610351562,175.8800048828125,168.50999450683594,172.5500030517578,94516000,171.94400177001953,174.92999267578125,170.00999450683594,False,False
2024-04-12,171.0500030517578,173.80999755859375,170.36000061035156,172.33999633789062,64506600,172.37150192260742,175.8800048828125,168.50999450683594,False,False
2024-04-15,161.47999572753906,170.69000244140625,161.3800048828125,170.24000549316406,100245300,172.26700134277343,173.80999755859375,170.36000061035156,False,True
2024-04-16,157.11000061035156,158.19000244140625,153.75,156.74000549316406,97000000,171.43250122070313,170.69000244140625,161.3800048828125,False,True
2024-04-17,155.4499969482422,158.3300018310547,153.77999877929688,157.63999938964844,82439700,170.6390007019043,158.19000244140625,153.75,False,False
2024-04-18,149.92999267578125,152.1999969482422,148.6999969482422,151.25,96098800,169.35250015258788,158.3300018310547,153.77999877929688,False,True
2024-04-19,147.0500030517578,150.94000244140625,146.22000122070312,148.97000122070312,86005100,168.06399993896486,152.1999969482422,148.6999969482422,False,True
2024-04-22,142.0500030517578,144.44000244140625,138.8000030517578,140.55999755859375,107097600,166.625,150.94000244140625,146.22000122070312,False,True
2024-04-23,144.67999267578125,147.25999450683594,141.11000061035156,143.3300018310547,124545100,165.22749938964844,144.44000244140625,138.8000030517578,True,False
2024-04-24,162.1300048828125,167.97000122070312,157.50999450683594,162.83999633789062,181178000,164.45049972534179,147.25999450683594,141.11000061035156,True,False
2024-04-25,170.17999267578125,170.8800048828125,158.36000061035156,158.9600067138672,126427500,163.96799926757814,167.97000122070312,157.50999450683594,True,False
2024-04-26,168.2899932861328,172.1199951171875,166.3699951171875,168.85000610351562,109815700,163.59299926757814,170.8800048828125,158.36000061035156,False,False
2024-04-29,194.0500030517578,198.8699951171875,184.5399932861328,188.4199981689453,243869700,164.53449935913085,172.1199951171875,166.3699951171875,True,False
2024-04-30,183.27999877929688,190.9499969482422,182.83999633789062,186.97999572753906,127031800,165.36699905395508,198.8699951171875,184.5399932861328,False,True
2024-05-01,179.99000549316406,185.86000061035156,179.00999450683594,182.0,92829700,165.94749908447267,190.9499969482422,182.83999633789062,False,True
2024-05-02,180.00999450683594,184.60000610351562,176.02000427246094,182.86000061035156,89148000,166.3924987792969,185.86000061035156,179.00999450683594,False,False
2024-05-03,181.19000244140625,184.77999877929688,178.4199981689453,182.10000610351562,75491500,167.20699920654297,184.60000610351562,176.02000427246094,False,False
2024-05-06,184.75999450683594,187.55999755859375,182.1999969482422,183.8000030517578,84390300,167.7959991455078,184.77999877929688,178.4199981689453,False,False
2024-05-07,177.80999755859375,183.25999450683594,177.39999389648438,182.39999389648438,75045900,167.84249877929688,187.55999755859375,182.1999969482422,False,True
2024-05-08,174.72000122070312,176.05999755859375,170.14999389648438,171.58999633789062,79969500,167.99049911499023,183.25999450683594,177.39999389648438,False,True
2024-05-09,171.97000122070312,175.6199951171875,171.3699951171875,175.00999450683594,65950300,167.8589988708496,176.05999755859375,170.14999389648438,False,False
2024-05-10,168.47000122070312,173.05999755859375,167.75,173.0500030517578,72627200,167.72999877929686,175.6199951171875,171.3699951171875,False,True
2024-05-13,171.88999938964844,175.39999389648438,169.0,170.0,67018900,168.25049896240233,173.05999755859375,167.75,False,False
2024-05-14,177.5500030517578,179.49000549316406,174.07000732421875,174.5,86407400,169.27249908447266,175.39999389648438,169.0,True,False
2024-05-15,173.99000549316406,180.0,173.11000061035156,179.89999389648438,79663000,170.19949951171876,179.49000549316406,174.07000732421875,False,True
2024-05-16,174.83999633789062,175.7899932861328,171.42999267578125,174.10000610351562,59812200,171.44499969482422,180.0,173.11000061035156,False,False
2024-05-17,177.4600067138672,179.6300048828125,172.75,173.5500030517578,77445800,172.9654998779297,175.7899932861328,171.42999267578125,True,False
2024-05-20,174.9499969482422,177.75,173.52000427246094,177.55999755859375,61727400,174.6104995727539,179.6300048828125,172.75,False,False
2024-05-21,186.60000610351562,186.8800048828125,174.7100067138672,175.50999450683594,115266500,176.7065002441406,177.75,173.52000427246094,True,False
2024-05-22,180.11000061035156,183.8000030517578,178.1199951171875,182.85000610351562,88313500,177.6055000305176,186.8800048828125,174.7100067138672,False,False
2024-05-23,173.74000549316406,181.89999389648438,173.25999450683594,181.8000030517578,71975500,177.78350067138672,183.8000030517578,178.1199951171875,False,True
2024-05-24,179.24000549316406,180.0800018310547,173.72999572753906,174.83999633789062,65479700,178.33100128173828,181.89999389648438,173.25999450683594,False,False
2024-05-28,176.75,178.25,173.16000366210938,176.39999389648438,59736600,177.46600112915038,180.0800018310547,173.72999572753906,False,False
2024-05-29,176.19000244140625,178.14999389648438,173.92999267578125,174.19000244140625,54782600,177.11150131225585,178.25,173.16000366210938,False,False
2024-05-30,178.7899932861328,182.6699981689453,175.3800048828125,178.5800018310547,77784800,177.0515007019043,178.14999389648438,173.92999267578125,True,False
2024-05-31,178.0800018310547,180.32000732421875,173.82000732421875,178.5,67314600,176.95500106811522,182.6699981689453,175.3800048828125,False,False
2024-06-03,176.2899932861328,182.63999938964844,174.49000549316406,178.1300048828125,68568900,176.71000061035156,180.32000732421875,173.82000732421875,False,False
2024-06-04,174.77000427246094,177.75999450683594,174.0,174.77999877929688,60056300,176.21050109863282,182.63999938964844,174.49000549316406,False,False
2024-06-05,175.0,176.14999389648438,172.1300048828125,175.35000610351562,57953800,176.07000122070312,177.75999450683594,174.0,False,False
2024-06-06,177.94000244140625,179.72999572753906,172.72999572753906,174.60000610351562,69887000,176.2310012817383,176.14999389648438,172.1300048828125,True,False
2024-06-07,177.47999572753906,179.35000610351562,175.5800018310547,176.1300048828125,56244900,176.5065010070801,179.72999572753906,172.72999572753906,False,False
2024-06-10,173.7899932861328,178.57000732421875,173.1699981689453,176.05999755859375,50869700,176.77250061035156,179.35000610351562,175.5800018310547,False,True
2024-06-11,170.66000366210938,174.75,167.41000366210938,173.9199981689453,64761900,176.71100082397462,178.57000732421875,173.1699981689453,False,True
2024-06-12,177.2899932861328,180.5500030517578,169.8000030517578,171.1199951171875,90389400,176.69800033569337,174.75,167.41000366210938,True,False
2024-06-13,182.47000122070312,191.0800018310547,181.22999572753906,188.38999938964844,118984100,177.12200012207032,180.5500030517578,169.8000030517578,True,False
2024-06-14,178.00999450683594,186.0,176.9199981689453,185.8000030517578,82038200,177.28050003051757,191.0800018310547,181.22999572753906,False,True
2024-06-17,187.44000244140625,188.80999755859375,177.0,177.9199981689453,109786100,177.77949981689454,186.0,176.9199981689453,True,False
2024-06-18,184.86000061035156,187.1999969482422,182.3699951171875,186.55999755859375,68982300,178.275,188.80999755859375,177.0,False,False
2024-06-20,181.57000732421875,185.2100067138672,179.66000366210938,184.67999267578125,55893100,178.02350006103515,187.1999969482422,182.3699951171875,False,True
2024-06-21,183.00999450683594,183.9499969482422,180.69000244140625,182.3000030517578,63029500,178.1684997558594,185.2100067138672,179.66000366210938,False,False
2024-06-24,182.5800018310547,188.8000030517578,182.5500030517578,184.97000122070312,61992100,178.6104995727539,183.9499969482422,180.69000244140625,False,False
2024-06-25,187.35000610351562,187.97000122070312,182.00999450683594,184.39999389648438,63678300,179.0159996032715,188.8000030517578,182.5500030517578,False,False
2024-06-26,196.3699951171875,197.75999450683594,186.36000061035156,186.5399932861328,95737100,179.99699935913085,187.97000122070312,182.00999450683594,True,False
2024-06-27,197.4199981689453,198.72000122070312,194.0500030517578,195.1699981689453,72746500,181.05849914550782,197.75999450683594,186.36000061035156,False,False
2024-06-28,197.8800048828125,203.1999969482422,195.25999450683594,199.5500030517578,95438100,182.01299972534179,198.72000122070312,194.0500030517578,False,False
2024-07-01,209.86000061035156,213.22999572753906,200.85000610351562,201.02000427246094,135691400,183.60199966430665,203.1999969482422,195.25999450683594,True,False
2024-07-02,231.25999450683594,231.3000030517578,218.05999755859375,218.88999938964844,205047900,186.3504997253418,213.22999572753906,200.85000610351562,True,False
2024-07-03,246.38999938964844,248.35000610351562,234.25,234.55999755859375,166561500,189.93149948120117,231.3000030517578,218.05999755859375,True,False
2024-07-05,251.52000427246094,252.3699951171875,242.4600067138672,249.80999755859375,154501200,193.75749969482422,248.35000610351562,234.25,True,False
2024-07-08,252.94000244140625,259.44000244140625,244.57000732421875,247.7100067138672,157219600,197.50749969482422,252.3699951171875,242.4600067138672,True,False
2024-07-09,262.3299865722656,265.6099853515625,250.3000030517578,251.0,160210900,201.74999923706054,259.44000244140625,244.57000732421875,True,False
2024-07-10,263.260009765625,267.5899963378906,257.8599853515625,262.79998779296875,128519400,206.22350006103517,265.6099853515625,250.3000030517578,False,False
2024-07-11,241.02999877929688,271.0,239.64999389648438,263.29998779296875,221707300,209.74199981689452,267.5899963378906,257.8599853515625,False,True
2024-07-12,248.22999572753906,251.83999633789062,233.08999633789062,235.8000030517578,155955800,213.28899993896485,271.0,239.64999389648438,False,False
2024-07-15,252.63999938964844,265.6000061035156,251.72999572753906,255.97000122070312,146912900,216.7974998474121,251.83999633789062,233.08999633789062,True,False
2024-07-16,256.55999755859375,258.6199951171875,245.8000030517578,255.30999755859375,126332500,220.725,265.6000061035156,251.72999572753906,False,False
2024-07-17,248.5,258.4700012207031,246.17999267578125,252.72999572753906,115584800,223.7779998779297,258.6199951171875,245.8000030517578,False,False
2024-07-18,249.22999572753906,257.1400146484375,247.1999969482422,251.08999633789062,110869000,226.99649963378906,258.4700012207031,246.17999267578125,False,False
2024-07-19,239.1999969482422,249.44000244140625,236.8300018310547,247.7899932861328,87403900,229.87799911499025,257.1400146484375,247.1999969482422,False,True
2024-07-22,251.50999450683594,253.2100067138672,243.75,244.2100067138672,101225400,233.30299911499023,249.44000244140625,236.8300018310547,True,False
2024-07-23,246.3800048828125,255.75999450683594,245.6300048828125,253.60000610351562,111928200,236.4929992675781,253.2100067138672,243.75,False,False
2024-07-24,215.99000549316406,225.99000549316406,214.7100067138672,225.4199981689453,167942900,237.92499923706055,255.75999450683594,245.6300048828125,False,True
2024-07-25,220.25,226.0,216.22999572753906,216.8000030517578,100636500,239.11899948120117,225.99000549316406,214.7100067138672,False,False
2024-07-26,219.8000030517578,222.27999877929688,215.3300018310547,221.19000244140625,94604100,240.2379997253418,226.0,216.22999572753906,False,False
2024-07-29,232.10000610351562,234.27000427246094,224.6999969482422,224.89999389648438,129201800,241.94899978637696,222.27999877929688,215.3300018310547,True,False
2024-07-30,222.6199951171875,232.41000366210938,220.0,232.25,100560300,242.58699951171874,234.27000427246094,224.6999969482422,False,True
2024-07-31,232.07000732421875,234.67999267578125,226.7899932861328,227.89999389648438,67497000,242.62750015258788,232.41000366210938,220.0,False,False
2024-08-01,216.86000061035156,231.8699951171875,214.3300018310547,227.69000244140625,83861900,241.15100021362304,234.67999267578125,226.7899932861328,False,True
2024-08-02,207.6699981689453,216.1300048828125,205.77999877929688,214.8800048828125,82880100,238.95849990844727,231.8699951171875,214.3300018310547,False,True
2024-08-05,198.8800048828125,203.8800048828125,182.0,185.22000122070312,100308800,236.25550003051757,216.1300048828125,205.77999877929688,False,True
2024-08-06,200.63999938964844,202.89999389648438,192.6699981689453,200.75,73783900,233.1710006713867,203.8800048828125,182.0,False,False
2024-08-07,191.75999450683594,203.49000549316406,191.47999572753906,200.77000427246094,71159800,229.59599990844725,202.89999389648438,192.6699981689453,False,True
2024-08-08,198.83999633789062,200.6999969482422,192.0399932861328,195.6999969482422,65033900,227.48649978637695,203.49000549316406,191.47999572753906,False,False
2024-08-09,200.0,200.8800048828125,195.11000061035156,197.0500030517578,58648300,225.075,200.6999969482422,192.0399932861328,False,False
2024-08-12,197.49000549316406,199.25999450683594,194.6699981689453,199.02000427246094,64044900,222.31750030517577,200.8800048828125,195.11000061035156,False,False
2024-08-13,207.8300018310547,208.49000549316406,197.05999755859375,198.47000122070312,76247400,219.88100051879883,199.25999450683594,194.6699981689453,True,False
2024-08-14,201.3800048828125,208.44000244140625,198.75,207.38999938964844,70250000,217.52500076293944,208.49000549316406,197.05999755859375,False,False
2024-08-15,214.13999938964844,215.8800048828125,204.82000732421875,205.02000427246094,89848500,215.77050094604493,208.44000244140625,198.75,True,False
2024-08-16,216.1199951171875,219.8000030517578,210.8000030517578,211.14999389648438,88765100,214.6165008544922,215.8800048828125,204.82000732421875,True,False
2024-08-19,222.72000122070312,222.97999572753906,214.08999633789062,217.07000732421875,76435200,213.17700119018554,219.8000030517578,210.8000030517578,True,False
2024-08-20,221.10000610351562,228.22000122070312,219.55999755859375,224.8800048828125,74001200,211.9130012512207,222.97999572753906,214.08999633789062,False,False
2024-08-21,223.27000427246094,224.66000366210938,218.86000061035156,222.6699981689453,70146000,212.27700119018556,228.22000122070312,219.55999755859375,False,False
2024-08-22,210.66000366210938,224.8000030517578,210.32000732421875,223.82000732421875,79514500,211.79750137329103,224.66000366210938,218.86000061035156,False,True
2024-08-23,220.32000732421875,221.47999572753906,214.2100067138672,214.4600067138672,81525200,211.82350158691406,224.8000030517578,210.32000732421875,False,False
2024-08-26,213.2100067138672,219.08999633789062,211.00999450683594,218.75,59301200,210.87900161743164,221.47999572753906,214.2100067138672,False,True
2024-08-27,209.2100067138672,215.66000366210938,206.94000244140625,213.25,62821400,210.20850219726563,219.08999633789062,211.00999450683594,False,True
2024-08-28,205.75,211.83999633789062,202.58999633789062,209.72000122070312,64116400,208.8925018310547,215.66000366210938,206.94000244140625,False,True
2024-08-29,206.27999877929688,214.88999938964844,205.97000122070312,209.8000030517578,62308800,208.36350173950194,211.83999633789062,202.58999633789062,False,False
2024-08-30,214.11000061035156,214.57000732421875,207.02999877929688,208.6300048828125,63370600,208.68550186157228,214.88999938964844,205.97000122070312,False,False
2024-09-03,210.60000610351562,219.89999389648438,209.63999938964844,215.25999450683594,76714200,209.27150192260743,214.57000732421875,207.02999877929688,False,False
2024-09-04,219.41000366210938,222.22000122070312,210.57000732421875,210.58999633789062,80651800,210.21000213623046,219.89999389648438,209.63999938964844,False,False
2024-09-05,230.1699981689453,235.0,222.25,223.49000549316406,119355000,212.13050231933593,222.22000122070312,210.57000732421875,True,False
2024-09-06,210.72999572753906,233.60000610351562,210.50999450683594,232.60000610351562,112177000,212.72500228881836,235.0,222.25,False,True
2024-09-09,216.27000427246094,219.8699951171875,213.6699981689453,216.1999969482422,67443500,213.53850250244142,233.60000610351562,210.50999450683594,False,False
2024-09-10,226.1699981689453,226.39999389648438,218.63999938964844,220.07000732421875,78891100,214.97250213623047,219.8699951171875,213.6699981689453,True,False
2024-09-11,228.1300048828125,228.47000122070312,216.8000030517578,224.5500030517578,83548600,215.98750228881835,226.39999389648438,218.63999938964844,True,False
2024-09-12,229.80999755859375,231.4499969482422,223.8300018310547,224.66000366210938,72020000,217.40900192260742,228.47000122070312,216.8000030517578,True,False
2024-09-13,230.2899932861328,232.6699981689453,226.32000732421875,228.0,59515100,218.21650161743165,231.4499969482422,223.8300018310547,False,False
2024-09-16,226.77999877929688,229.9600067138672,223.52999877929688,229.3000030517578,54323000,218.7495018005371,232.6699981689453,226.32000732421875,False,False
2024-09-17,227.8699951171875,234.57000732421875,226.5500030517578,229.4499969482422,66761600,219.00700149536132,229.9600067138672,223.52999877929688,False,False
2024-09-18,227.1999969482422,235.67999267578125,226.8800048828125,230.08999633789062,78010200,219.31200103759767,234.57000732421875,226.5500030517578,False,False
2024-09-19,243.9199981689453,244.24000549316406,232.1300048828125,234.0,102694600,220.34450073242186,235.67999267578125,226.8800048828125,True,False
2024-09-20,238.25,243.99000549316406,235.9199981689453,241.52000427246094,99879100,221.7240005493164,244.24000549316406,232.1300048828125,False,False
2024-09-23,250.0,250.0,241.9199981689453,242.61000061035156,86927200,223.20800018310547,243.99000549316406,235.9199981689453,True,False
2024-09-24,254.27000427246094,257.19000244140625,249.0500030517578,254.0800018310547,88491000,225.26100006103516,250.0,241.9199981689453,True,False
2024-09-25,257.0199890136719,257.04998779296875,252.27999877929688,252.5399932861328,65034300,227.6514991760254,257.19000244140625,249.0500030517578,False,False
2024-09-26,254.22000122070312,261.75,251.52999877929688,260.6000061035156,67142200,230.07499923706055,257.04998779296875,252.27999877929688,False,False
2024-09-27,260.4599914550781,260.70001220703125,254.1199951171875,257.3800048828125,70988100,232.78399887084962,261.75,251.52999877929688,False,False
2024-09-30,261.6300048828125,264.8599853515625,255.77000427246094,259.0400085449219,80705700,235.15999908447264,260.70001220703125,254.1199951171875,True,False
2024-10-01,258.0199890136719,263.9800109863281,248.52999877929688,262.6700134277344,87397600,237.53099822998047,264.8599853515625,255.77000427246094,False,False
2024-10-02,249.02000427246094,251.16000366210938,241.5,247.5500030517578,93983900,239.01149826049806,263.9800109863281,248.52999877929688,False,False
2024-10-03,240.66000366210938,249.7899932861328,237.80999755859375,244.47999572753906,80729200,239.53599853515624,251.16000366210938,241.5,False,True
2024-10-04,250.0800018310547,250.9600067138672,244.5800018310547,246.69000244140625,86573200,241.50349884033204,249.7899932861328,237.80999755859375,True,False
2024-10-07,240.8300018310547,249.8300018310547,240.6999969482422,249.0,68113300,242.73149871826172,250.9600067138672,244.5800018310547,False,True
2024-10-08,244.5,246.2100067138672,240.55999755859375,243.55999755859375,56303200,243.64799880981445,249.8300018310547,240.6999969482422,False,False
2024-10-09,241.0500030517578,247.42999267578125,239.50999450683594,243.82000732421875,66289500,244.29399871826172,246.2100067138672,240.55999755859375,False,False
2024-10-10,238.77000427246094,242.7899932861328,232.33999633789062,241.80999755859375,83087100,244.74199905395508,247.42999267578125,239.50999450683594,False,True
2024-10-11,217.8000030517578,223.33999633789062,214.3800048828125,220.1300048828125,142628900,244.11749954223632,242.7899932861328,232.33999633789062,False,True
2024-10-14,219.16000366210938,221.91000366210938,213.74000549316406,220.1300048828125,86291900,243.73649978637695,223.33999633789062,214.3800048828125,False,False
2024-10-15,219.57000732421875,224.25999450683594,217.1199951171875,220.00999450683594,62988800,243.3215003967285,221.91000366210938,213.74000549316406,False,False
2024-10-16,221.3300018310547,222.82000732421875,218.92999267578125,221.39999389648438,49632800,243.02800064086915,224.25999450683594,217.1199951171875,False,False
2024-10-17,220.88999938964844,222.0800018310547,217.89999389648438,221.58999633789062,50791800,241.8765007019043,222.82000732421875,218.92999267578125,False,False
2024-10-18,220.6999969482422,222.27999877929688,219.22999572753906,220.7100067138672,49611900,240.9990005493164,222.0800018310547,217.89999389648438,False,False
2024-10-21,218.85000610351562,220.47999572753906,215.72999572753906,218.89999389648438,47329000,239.44150085449218,222.27999877929688,219.22999572753906,False,True
2024-10-22,217.97000122070312,218.22000122070312,215.25999450683594,217.30999755859375,43268700,237.6265007019043,220.47999572753906,215.72999572753906,False,False
2024-10-23,213.64999389648438,218.72000122070312,212.11000061035156,217.1300048828125,80938900,235.45800094604493,218.22000122070312,215.25999450683594,False,True
2024-10-24,260.4800109863281,262.1199951171875,242.64999389648438,244.67999267578125,204491900,235.77100143432617,218.72000122070312,212.11000061035156,True,False
2024-10-25,269.19000244140625,269.489990234375,255.32000732421875,256.010009765625,161611900,236.20750198364257,262.1199951171875,242.64999389648438,True,False
2024-10-28,262.510009765625,273.5400085449219,262.239990234375,270.0,107653600,236.2515022277832,269.489990234375,255.32000732421875,False,False
2024-10-29,259.5199890136719,264.9800109863281,255.50999450683594,264.510009765625,80521800,236.3265022277832,273.5400085449219,262.239990234375,False,True
2024-10-30,257.54998779296875,263.3500061035156,255.82000732421875,258.0400085449219,53993600,236.75300140380858,264.9800109863281,255.50999450683594,False,False
2024-10-31,249.85000610351562,259.75,249.25,257.989990234375,66575300,237.2125015258789,263.3500061035156,255.82000732421875,False,True
2024-11-01,248.97999572753906,254.0,246.6300048828125,252.0399932861328,57544800,237.15750122070312,259.75,249.25,False,True
2024-11-04,242.83999633789062,248.89999389648438,238.8800048828125,244.55999755859375,68802400,237.25800094604492,254.0,246.6300048828125,False,True
2024-11-05,251.44000244140625,255.27999877929688,246.2100067138672,247.33999633789062,69282500,237.60500106811523,248.89999389648438,238.8800048828125,True,False
2024-11-06,288.5299987792969,289.5899963378906,275.6199951171875,284.6700134277344,165228700,239.9790008544922,255.27999877929688,246.2100067138672,True,False
2024-11-07,296.9100036621094,299.75,285.5199890136719,288.8900146484375,117309200,242.8860008239746,289.5899963378906,275.6199951171875,True,False
2024-11-08,321.2200012207031,328.7099914550781,297.6600036621094,299.1400146484375,204782800,248.05700073242187,299.75,285.5199890136719,True,False
2024-11-11,350.0,358.6400146484375,336.0,346.29998779296875,210521600,254.5990005493164,328.7099914550781,297.6600036621094,True,False
2024-11-12,328.489990234375,345.8399963378906,323.30999755859375,342.739990234375,155726000,260.04499969482424,358.6400146484375,336.0,False,True
2024-11-13,330.239990234375,344.6000061035156,322.5,335.8500061035156,125405600,265.49049911499026,345.8399963378906,323.30999755859375,False,False
2024-11-14,311.17999267578125,329.9800109863281,310.3699951171875,327.69000244140625,120726100,270.0049987792969,344.6000061035156,322.5,False,True
2024-11-15,320.7200012207031,324.67999267578125,309.2200012207031,310.57000732421875,114440300,275.0059989929199,329.9800109863281,310.3699951171875,False,False
2024-11-18,338.739990234375,348.54998779296875,330.010009765625,340.7300109863281,126547500,281.00049819946287,324.67999267578125,309.2200012207031,True,False
2024-11-19,346.0,347.3800048828125,332.75,335.760009765625,88852500,287.40199813842776,348.54998779296875,330.010009765625,False,False
2024-11-20,342.0299987792969,346.6000061035156,334.29998779296875,345.0,66340700,293.82099838256835,347.3800048828125,332.75,False,False
2024-11-21,339.6400146484375,347.989990234375,335.2799987792969,343.80999755859375,58011700,297.7789985656738,346.6000061035156,334.29998779296875,False,False
2024-11-22,352.55999755859375,361.5299987792969,337.70001220703125,341.0899963378906,89140700,301.9474983215332,347.989990234375,335.2799987792969,True,False
2024-11-25,338.5899963378906,361.92999267578125,338.20001220703125,360.1400146484375,95890900,305.75149765014646,361.5299987792969,337.70001220703125,False,False
2024-11-26,338.2300109863281,346.9599914550781,335.6600036621094,341.0,62295900,309.6869987487793,361.92999267578125,338.20001220703125,False,False
2024-11-27,332.8900146484375,342.54998779296875,326.5899963378906,341.79998779296875,57896400,313.45400009155276,346.9599914550781,335.6600036621094,False,True
2024-11-29,345.1600036621094,345.45001220703125,334.6499938964844,336.0799865722656,37167600,318.2194999694824,342.54998779296875,326.5899963378906,True,False
2024-12-02,357.0899963378906,360.0,351.1499938964844,352.3800048828125,77986500,323.625,345.45001220703125,334.6499938964844,True,False
2024-12-03,351.4200134277344,355.69000244140625,348.20001220703125,351.79998779296875,58267200,329.0540008544922,360.0,351.1499938964844,False,False
2024-12-04,357.92999267578125,358.1000061035156,348.6000061035156,353.0,50810900,334.3785003662109,355.69000244140625,348.20001220703125,True,False
2024-12-05,369.489990234375,375.42999267578125,359.5,359.8699951171875,81403600,338.42649993896487,358.1000061035156,348.6000061035156,True,False
2024-12-06,389.2200012207031,389.489990234375,370.79998779296875,377.4200134277344,81455800,343.04199981689453,375.42999267578125,359.5,True,False
2024-12-09,389.7900085449219,404.79998779296875,378.010009765625,397.6099853515625,96359200,346.47050018310546,389.489990234375,370.79998779296875,True,False
2024-12-10,400.989990234375,409.7300109863281,390.8500061035156,392.67999267578125,97563600,349.0199996948242,404.79998779296875,378.010009765625,False,False
2024-12-11,424.7699890136719,424.8800048828125,402.3800048828125,409.70001220703125,104287600,353.83399963378906,409.7300109863281,390.8500061035156,True,False
2024-12-12,418.1000061035156,429.29998779296875,415.0,424.8399963378906,87752200,358.2270004272461,424.8800048828125,402.3800048828125,False,False
2024-12-13,436.2300109863281,436.29998779296875,415.7099914550781,420.0,89000200,364.47950134277346,429.29998779296875,415.0,True,False
2024-12-16,463.0199890136719,463.19000244140625,436.1499938964844,441.0899963378906,114083800,371.59450073242186,436.29998779296875,415.7099914550781,True,False
2024-12-17,479.8599853515625,483.989990234375,457.510009765625,475.8999938964844,131223000,378.65050048828124,463.19000244140625,436.1499938964844,True,False
2024-12-18,440.1300048828125,488.5400085449219,427.010009765625,466.5,149340800,383.35700073242185,483.989990234375,457.510009765625,False,True
2024-12-19,436.1700134277344,456.3599853515625,420.0199890136719,451.8800048828125,118566100,388.0640014648437,488.5400085449219,427.010009765625,False,False
2024-12-20,421.05999755859375,447.0799865722656,417.6400146484375,425.510009765625,132216200,392.13500061035154,456.3599853515625,420.0199890136719,False,False
2024-12-23,430.6000061035156,434.510009765625,415.4100036621094,431.0,72698100,396.03700103759763,447.0799865722656,417.6400146484375,False,False
2024-12-24,462.2799987792969,462.7799987792969,435.1400146484375,435.8999938964844,59551800,402.221501159668,434.510009765625,415.4100036621094,True,False
2024-12-26,454.1300048828125,465.3299865722656,451.0199890136719,465.1600036621094,76366400,408.01650085449216,462.7799987792969,435.1400146484375,False,False
2024-12-27,431.6600036621094,450.0,426.5,449.5199890136719,82666800,412.95500030517576,465.3299865722656,451.0199890136719,False,True
2024-12-30,417.4100036621094,427.0,415.75,419.3999938964844,64941000,416.56750030517577,450.0,426.5,False,True
2024-12-31,403.8399963378906,427.92999267578125,402.5400085449219,423.7900085449219,76825100,418.9050003051758,427.0,415.75,False,True
